Device ID,Device Slot,Event,Epoch Number,Bat mV,Bat mA,Bat mW,Bat mJ (Epoch),PV mV,PV mA,PV mW,PV mJ (Epoch),RSSI(dBm),MPPT Epoch Uptime (s),Epoch TX Packets,Epoch RX Packets,Epoch PRR,Epoch TX Bytes,Epoch RX Bytes,RX Throughput (bytes/s),Battery Energy Start (J),Battery Energy End (J)
901564800838,4,telemetry,1,3288.0,14.0,46.03,1380.96,681.0,0.7,0.48,14.3,-77,30,25.0,21.0,0.84,39615.0,33276.6,2218.44,6912.0,6906.51
901564800838,4,telemetry,2,3288.0,14.0,46.03,1380.96,530.0,2.0,1.06,31.8,-66,30,25.0,10.0,0.4,39615.0,15846.0,1056.4,6906.51,6901.54
901564800838,4,telemetry,3,3284.0,14.0,45.98,1379.28,2100.0,8.0,16.8,504.0,-63,30,30.0,3.0,0.1,47538.0,4753.8,316.92,6901.54,6896.02
901564800838,4,telemetry,4,3286.0,15.0,49.29,1478.7,2089.0,5.0,10.45,313.35,-65,30,20.0,1.0,0.05,31692.0,1584.6,105.64,6896.02,6892.32
901564800838,4,telemetry,5,3284.0,15.0,49.26,1477.8,2077.0,13.0,27.0,810.03,-70,30,15.0,2.0,0.133333,23769.0,3169.2,211.28,6892.32,6890.09
901564800838,4,telemetry,6,3283.0,15.0,49.24,1477.35,2057.0,13.0,26.74,802.23,-74,30,15.0,3.0,0.2,23769.0,4753.8,316.92,6890.09,6887.85
901564800838,4,telemetry,7,3282.0,15.0,49.23,1476.9,2060.0,3.0,6.18,185.4,-70,30,15.0,4.0,0.266667,23769.0,6338.4,422.56,6887.85,6885.03
901564800838,4,telemetry,8,3282.0,15.0,49.23,1476.9,2061.0,12.0,24.73,741.96,-70,30,15.0,4.0,0.266667,23769.0,6338.4,422.56,6885.03,6882.73
901564800838,4,telemetry,9,3281.0,15.0,49.22,1476.45,2059.0,4.0,8.24,247.08,-70,30,20.0,6.0,0.3,31692.0,9507.6,633.84,6882.73,6878.97
901564800838,4,telemetry,10,3281.0,15.0,49.22,1476.45,2058.0,5.0,10.29,308.7,-68,30,20.0,19.0,0.95,31692.0,30107.4,2007.16,6878.97,6875.26
901564800838,4,telemetry,11,3279.0,15.0,49.19,1475.55,2058.0,10.0,20.58,617.4,-71,30,20.0,1.0,0.05,31692.0,1584.6,105.64,6875.26,6871.85
901564800838,4,telemetry,12,3280.0,15.0,49.2,1476.0,2051.0,6.0,12.31,369.18,-70,30,15.0,15.0,1.0,23769.0,23769.0,1584.6,6871.85,6869.2
901564800838,4,telemetry,13,3278.0,15.0,49.17,1475.1,2047.0,4.0,8.19,245.64,-73,30,20.0,14.0,0.7,31692.0,22184.4,1478.96,6869.2,6864.93
901564800838,4,telemetry,14,3278.0,15.0,49.17,1475.1,2042.0,13.0,26.55,796.38,-70,30,15.0,4.0,0.266667,23769.0,6338.4,422.56,6864.93,6862.69
901564800838,4,telemetry,15,3274.0,15.0,49.11,1473.3,2039.0,8.0,16.31,489.36,-70,30,20.0,7.0,0.35,31692.0,11092.2,739.48,6862.69,6858.65
901564800838,4,telemetry,16,3276.0,15.0,49.14,1474.2,2038.0,5.0,10.19,305.7,-70,30,20.0,7.0,0.35,31692.0,11092.2,739.48,6858.65,6854.44
901564800838,4,telemetry,17,3275.0,15.0,49.12,1473.75,2037.0,4.0,8.15,244.44,-58,30,20.0,3.0,0.15,31692.0,4753.8,316.92,6854.44,6850.68
901564800838,4,telemetry,18,3273.0,15.0,49.09,1472.85,2032.0,3.0,6.1,182.88,-71,30,20.0,20.0,1.0,31692.0,31692.0,2112.8,6850.68,6846.85
901564800838,4,telemetry,19,3268.0,14.0,45.75,1372.56,2022.0,5.0,10.11,303.3,-76,30,30.0,1.0,0.033333,47538.0,1584.6,105.64,6846.85,6841.14
901564800838,4,telemetry,20,3265.0,14.0,45.71,1371.3,2021.0,0.5,1.01,30.31,-71,30,15.0,1.0,0.066667,23769.0,1584.6,105.64,6841.14,6838.17
901564800838,4,telemetry,21,3265.0,14.0,45.71,1371.3,2021.0,12.0,24.25,727.56,-69,30,20.0,3.0,0.15,31692.0,4753.8,316.92,6838.17,6834.86
901564800838,4,telemetry,22,3264.0,14.0,45.7,1370.88,2025.0,4.0,8.1,243.0,-72,30,30.0,4.0,0.133333,47538.0,6338.4,422.56,6834.86,6829.09
901564800838,4,telemetry,23,3263.0,14.0,45.68,1370.46,2039.0,3.0,6.12,183.51,-68,30,15.0,1.0,0.066667,23769.0,1584.6,105.64,6829.09,6826.26
901564800838,4,telemetry,24,3262.0,15.0,48.93,1467.9,2044.0,14.0,28.62,858.48,-72,30,30.0,1.0,0.033333,47538.0,1584.6,105.64,6826.26,6821.08
901564800838,4,telemetry,25,3261.0,15.0,48.91,1467.45,2041.0,10.0,20.41,612.3,-69,30,20.0,1.0,0.05,31692.0,1584.6,105.64,6821.08,6817.16
901564800838,4,telemetry,26,3262.0,15.0,48.93,1467.9,2035.0,2.0,4.07,122.1,-72,30,20.0,5.0,0.25,31692.0,7923.0,528.2,6817.16,6813.28
901564800838,4,telemetry,27,3260.0,15.0,48.9,1467.0,2032.0,2.0,4.06,121.92,-71,30,15.0,5.0,0.333333,23769.0,7923.0,528.2,6813.28,6810.39
901564800838,4,telemetry,28,3263.0,15.0,48.95,1468.35,2035.0,5.0,10.18,305.25,-65,30,15.0,1.0,0.066667,23769.0,1584.6,105.64,6810.39,6807.68
901564800838,4,telemetry,29,3259.0,15.0,48.88,1466.55,2032.0,7.0,14.22,426.72,-57,30,25.0,1.0,0.04,39615.0,1584.6,105.64,6807.68,6803.09
901564800838,4,telemetry,30,3259.0,15.0,48.88,1466.55,2037.0,0.8,1.63,48.89,-72,30,20.0,8.0,0.4,31692.0,12676.8,845.12,6803.09,6799.13
901564800838,4,telemetry,31,3259.0,15.0,48.88,1466.55,2035.0,8.0,16.28,488.4,-67,30,15.0,3.0,0.2,23769.0,4753.8,316.92,6799.13,6796.6
901564800838,4,telemetry,32,3261.0,15.0,48.91,1467.45,2040.0,7.0,14.28,428.4,-39,30,20.0,19.0,0.95,31692.0,30107.4,2007.16,6796.6,6793.0
901564800838,4,telemetry,33,3260.0,15.0,48.9,1467.0,2041.0,9.0,18.37,551.07,-68,30,15.0,0.0,0.0,23769.0,0.0,0.0,6793.0,6790.03
901564800838,4,telemetry,34,3258.0,15.0,48.87,1466.1,2037.0,13.0,26.48,794.43,-74,30,30.0,20.0,0.666667,47538.0,31692.0,2112.8,6790.03,6783.78
901564800838,4,telemetry,35,3259.0,15.0,48.88,1466.55,2035.0,20.0,40.7,1221.0,-68,30,15.0,11.0,0.733333,23769.0,17430.6,1162.04,6783.78,6781.44
901564800838,4,telemetry,36,3260.0,15.0,48.9,1467.0,2033.0,6.0,12.2,365.94,-68,30,30.0,8.0,0.266667,47538.0,12676.8,845.12,6781.44,6774.79
901564800838,4,telemetry,37,3260.0,15.0,48.9,1467.0,2036.0,11.0,22.4,671.88,-80,30,20.0,5.0,0.25,31692.0,7923.0,528.2,6774.79,6771.43
901564800838,4,telemetry,38,3257.0,15.0,48.85,1465.65,2041.0,19.0,38.78,1163.37,-67,30,15.0,1.0,0.066667,23769.0,1584.6,105.64,6771.43,6769.03
901564800838,4,telemetry,39,3257.0,15.0,48.85,1465.65,2037.0,12.0,24.44,733.32,-68,30,15.0,9.0,0.6,23769.0,14261.4,950.76,6769.03,6766.73
901564800838,4,telemetry,40,3255.0,16.0,52.08,1562.4,2046.0,7.0,14.32,429.66,-83,30,30.0,2.0,0.066667,47538.0,3169.2,211.28,6766.73,6760.14
901564800838,4,telemetry,41,3257.0,16.0,52.11,1563.36,2036.0,4.0,8.14,244.32,-72,30,30.0,1.0,0.033333,47538.0,1584.6,105.64,6760.14,6753.37
901564800838,4,telemetry,42,3257.0,16.0,52.11,1563.36,2032.0,9.0,18.29,548.64,-68,30,25.0,23.0,0.92,39615.0,36445.8,2429.72,6753.37,6748.39
901564800838,4,telemetry,43,3267.0,16.0,52.27,1568.16,2034.0,0.5,1.02,30.51,-71,30,30.0,20.0,0.666667,47538.0,31692.0,2112.8,6748.39,6742.42
901564800838,4,telemetry,44,3258.0,15.0,48.87,1466.1,2030.0,11.0,22.33,669.9,-71,30,15.0,15.0,1.0,23769.0,23769.0,1584.6,6742.42,6740.06
901564800838,4,telemetry,45,3256.0,15.0,48.84,1465.2,2025.0,0.5,1.01,30.38,-71,30,15.0,15.0,1.0,23769.0,23769.0,1584.6,6740.06,6737.09
901564800838,4,telemetry,46,3256.0,15.0,48.84,1465.2,2026.0,14.0,28.36,850.92,-69,30,30.0,6.0,0.2,47538.0,9507.6,633.84,6737.09,6730.89
901564800838,4,telemetry,47,3258.0,15.0,48.87,1466.1,2027.0,10.0,20.27,608.1,-67,30,15.0,1.0,0.066667,23769.0,1584.6,105.64,6730.89,6728.47
901564800838,4,telemetry,48,3257.0,15.0,48.85,1465.65,2023.0,8.0,16.18,485.52,-87,30,30.0,7.0,0.233333,47538.0,11092.2,739.48,6728.47,6722.93
901564800838,4,telemetry,49,3257.0,15.0,48.85,1465.65,2023.0,3.0,6.07,182.07,-72,30,25.0,18.0,0.72,39615.0,28522.8,1901.52,6722.93,6718.11
901564800838,4,telemetry,50,3257.0,15.0,48.85,1465.65,2023.0,7.0,14.16,424.83,-71,30,15.0,9.0,0.6,23769.0,14261.4,950.76,6718.11,6715.51
901564800838,4,telemetry,51,3257.0,15.0,48.85,1465.65,2029.0,9.0,18.26,547.83,-82,30,15.0,2.0,0.133333,23769.0,3169.2,211.28,6715.51,6712.53
901564800838,4,telemetry,52,3257.0,15.0,48.85,1465.65,2035.0,10.0,20.35,610.5,-68,30,15.0,0.0,0.0,23769.0,0.0,0.0,6712.53,6709.61
901564800838,4,telemetry,53,3257.0,15.0,48.85,1465.65,2033.0,12.0,24.4,731.88,-70,30,25.0,20.0,0.8,39615.0,31692.0,2112.8,6709.61,6705.31
901564800838,4,telemetry,54,3257.0,15.0,48.85,1465.65,2032.0,2.0,4.06,121.92,-76,30,15.0,15.0,1.0,23769.0,23769.0,1584.6,6705.31,6702.42
901564800838,4,telemetry,55,3254.0,15.0,48.81,1464.3,2027.0,7.0,14.19,425.67,-72,30,30.0,5.0,0.166667,47538.0,7923.0,528.2,6702.42,6696.83
901564800838,4,telemetry,56,3255.0,15.0,48.83,1464.75,2025.0,14.0,28.35,850.5,-72,30,30.0,5.0,0.166667,47538.0,7923.0,528.2,6696.83,6691.63
901564800838,4,telemetry,57,3258.0,15.0,48.87,1466.1,2029.0,10.0,20.29,608.7,-43,30,15.0,4.0,0.266667,23769.0,6338.4,422.56,6691.63,6689.21
901564800838,4,telemetry,58,3256.0,15.0,48.84,1465.2,2032.0,19.0,38.61,1158.24,-65,30,30.0,1.0,0.033333,47538.0,1584.6,105.64,6689.21,6683.31
901564800838,4,telemetry,59,3255.0,15.0,48.83,1464.75,2039.0,7.0,14.27,428.19,-66,30,15.0,10.0,0.666667,23769.0,15846.0,1056.4,6683.31,6680.22
901564800838,4,telemetry,60,3256.0,15.0,48.84,1465.2,2039.0,6.0,12.23,367.02,-71,30,20.0,2.0,0.1,31692.0,3169.2,211.28,6680.22,6676.07
901564800838,4,telemetry,61,3256.0,15.0,48.84,1465.2,2032.0,10.0,20.32,609.6,-71,30,15.0,9.0,0.6,23769.0,14261.4,950.76,6676.07,6673.65
901564800838,4,telemetry,62,3256.0,15.0,48.84,1465.2,2031.0,12.0,24.37,731.16,-71,30,15.0,1.0,0.066667,23769.0,1584.6,105.64,6673.65,6671.34
901564800838,4,telemetry,63,3256.0,15.0,48.84,1465.2,2030.0,0.8,1.62,48.72,-69,30,15.0,12.0,0.8,23769.0,19015.2,1267.68,6671.34,6668.39
901564800838,4,telemetry,64,3255.0,15.0,48.83,1464.75,2030.0,6.0,12.18,365.4,-67,30,25.0,22.0,0.88,39615.0,34861.2,2324.08,6668.39,6663.74
901564800838,4,telemetry,65,3257.0,15.0,48.85,1465.65,2027.0,13.0,26.35,790.53,-67,30,15.0,15.0,1.0,23769.0,23769.0,1584.6,6663.74,6661.49
901564800838,4,telemetry,66,3256.0,15.0,48.84,1465.2,2025.0,14.0,28.35,850.5,-53,30,15.0,15.0,1.0,23769.0,23769.0,1584.6,6661.49,6658.79
901564800838,4,telemetry,67,3258.0,15.0,48.87,1466.1,2025.0,8.0,16.2,486.0,-69,30,30.0,21.0,0.7,47538.0,33276.6,2218.44,6658.79,6653.26
901564800838,4,telemetry,68,3258.0,15.0,48.87,1466.1,2021.0,8.0,16.17,485.04,-87,30,15.0,15.0,1.0,23769.0,23769.0,1584.6,6653.26,6650.72
901564800838,4,telemetry,69,3256.0,15.0,48.84,1465.2,2028.0,6.0,12.17,365.04,-71,30,30.0,6.0,0.2,47538.0,9507.6,633.84,6650.72,6644.06
901564800838,4,telemetry,70,3256.0,15.0,48.84,1465.2,2032.0,8.0,16.26,487.68,-72,30,25.0,6.0,0.24,39615.0,9507.6,633.84,6644.06,6639.03
